Workbook

Sheet Student Roster
A1: Student Name | B1: Grade | C1: Subject | D1: Pre-Test Score | E1: Post-Test Score | F1: Growth % | G1: Meets Prediction | H1: Masters Prediction | I1: Notes
A2: Maria, Garcia | B2: 8 | C2: Math | D2: 37 | E2: 42 | F2: =IF(D2=0,"",ROUND((E2-D2)/D2*100,1)) | G2: =IF(E2>=50,"Likely Meets","At Risk") | H2: =IF(E2>=75,"Likely Masters",IF(E2>=60,"Possible","Unlikely")) | I2: 504 plan
A3: Jose, Rodriguez | B3: 4 | C3: Reading | D3: 44 | E3: 53 | F3: =IF(D3=0,"",ROUND((E3-D3)/D3*100,1)) | G3: =IF(E3>=50,"Likely Meets","At Risk") | H3: =IF(E3>=75,"Likely Masters",IF(E3>=60,"Possible","Unlikely")) | I3: Needs reteach on fractions
A4: Emily, Martinez | B4: 8 | C4: Science | D4: 64 | E4: 71 | F4: =IF(D4=0,"",ROUND((E4-D4)/D4*100,1)) | G4: =IF(E4>=50,"Likely Meets","At Risk") | H4: =IF(E4>=75,"Likely Masters",IF(E4>=60,"Possible","Unlikely"))
A5: David, Hernandez | B5: 6 | C5: Social Studies | D5: 32 | E5: 37 | F5: =IF(D5=0,"",ROUND((E5-D5)/D5*100,1)) | G5: =IF(E5>=50,"Likely Meets","At Risk") | H5: =IF(E5>=75,"Likely Masters",IF(E5>=60,"Possible","Unlikely")) | I5: Needs reteach on fractions
A6: Sofia, Lopez | B6: 4 | C6: Math | D6: 44 | E6: 65 | F6: =IF(D6=0,"",ROUND((E6-D6)/D6*100,1)) | G6: =IF(E6>=50,"Likely Meets","At Risk") | H6: =IF(E6>=75,"Likely Masters",IF(E6>=60,"Possible","Unlikely"))
A7: Carlos, Gonzalez | B7: 3 | C7: Reading | D7: 65 | E7: 76 | F7: =IF(D7=0,"",ROUND((E7-D7)/D7*100,1)) | G7: =IF(E7>=50,"Likely Meets","At Risk") | H7: =IF(E7>=75,"Likely Masters",IF(E7>=60,"Possible","Unlikely"))
A8: Aiden, Wilson | B8: 6 | C8: Science | D8: 44 | E8: 63 | F8: =IF(D8=0,"",ROUND((E8-D8)/D8*100,1)) | G8: =IF(E8>=50,"Likely Meets","At Risk") | H8: =IF(E8>=75,"Likely Masters",IF(E8>=60,"Possible","Unlikely"))
A9: Mia, Anderson | B9: 5 | C9: Social Studies | D9: 30 | E9: 59 | F9: =IF(D9=0,"",ROUND((E9-D9)/D9*100,1)) | G9: =IF(E9>=50,"Likely Meets","At Risk") | H9: =IF(E9>=75,"Likely Masters",IF(E9>=60,"Possible","Unlikely")) | I9: ESL accommodation
A10: Jayden, Thomas | B10: 8 | C10: Math | D10: 57 | E10: 72 | F10: =IF(D10=0,"",ROUND((E10-D10)/D10*100,1)) | G10: =IF(E10>=50,"Likely Meets","At Risk") | H10: =IF(E10>=75,"Likely Masters",IF(E10>=60,"Possible","Unlikely")) | I10: 504 plan
A11: Isabella, Jackson | B11: 4 | C11: Reading | D11: 43 | E11: 72 | F11: =IF(D11=0,"",ROUND((E11-D11)/D11*100,1)) | G11: =IF(E11>=50,"Likely Meets","At Risk") | H11: =IF(E11>=75,"Likely Masters",IF(E11>=60,"Possible","Unlikely")) | I11: Consistent effort
A12: Ethan, White | B12: 3 | C12: Science | D12: 35 | E12: 52 | F12: =IF(D12=0,"",ROUND((E12-D12)/D12*100,1)) | G12: =IF(E12>=50,"Likely Meets","At Risk") | H12: =IF(E12>=75,"Likely Masters",IF(E12>=60,"Possible","Unlikely")) | I12: Needs reteach on fractions
A13: Olivia, Harris | B13: 5 | C13: Social Studies | D13: 52 | E13: 76 | F13: =IF(D13=0,"",ROUND((E13-D13)/D13*100,1)) | G13: =IF(E13>=50,"Likely Meets","At Risk") | H13: =IF(E13>=75,"Likely Masters",IF(E13>=60,"Possible","Unlikely")) | I13: 504 plan
A14: Liam, Martin | B14: 3 | C14: Math | D14: 59 | E14: 81 | F14: =IF(D14=0,"",ROUND((E14-D14)/D14*100,1)) | G14: =IF(E14>=50,"Likely Meets","At Risk") | H14: =IF(E14>=75,"Likely Masters",IF(E14>=60,"Possible","Unlikely")) | I14: Needs reteach on fractions
A15: Ava, Thompson | B15: 6 | C15: Reading | D15: 35 | E15: 57 | F15: =IF(D15=0,"",ROUND((E15-D15)/D15*100,1)) | G15: =IF(E15>=50,"Likely Meets","At Risk") | H15: =IF(E15>=75,"Likely Masters",IF(E15>=60,"Possible","Unlikely")) | I15: 504 plan
A16: Noah, Moore | B16: 8 | C16: Science | D16: 69 | E16: 85 | F16: =IF(D16=0,"",ROUND((E16-D16)/D16*100,1)) | G16: =IF(E16>=50,"Likely Meets","At Risk") | H16: =IF(E16>=75,"Likely Masters",IF(E16>=60,"Possible","Unlikely"))
A17: Emma, Taylor | B17: 4 | C17: Social Studies | D17: 75 | E17: 82 | F17: =IF(D17=0,"",ROUND((E17-D17)/D17*100,1)) | G17: =IF(E17>=50,"Likely Meets","At Risk") | H17: =IF(E17>=75,"Likely Masters",IF(E17>=60,"Possible","Unlikely")) | I17: Strong improvement
A18: Lucas, Brown | B18: 8 | C18: Math | D18: 44 | E18: 73 | F18: =IF(D18=0,"",ROUND((E18-D18)/D18*100,1)) | G18: =IF(E18>=50,"Likely Meets","At Risk") | H18: =IF(E18>=75,"Likely Masters",IF(E18>=60,"Possible","Unlikely")) | I18: 504 plan
A19: Camila, Davis | B19: 3 | C19: Reading | D19: 44 | E19: 52 | F19: =IF(D19=0,"",ROUND((E19-D19)/D19*100,1)) | G19: =IF(E19>=50,"Likely Meets","At Risk") | H19: =IF(E19>=75,"Likely Masters",IF(E19>=60,"Possible","Unlikely")) | I19: Tutoring recommended
A20: Mason, Miller | B20: 5 | C20: Science | D20: 59 | E20: 84 | F20: =IF(D20=0,"",ROUND((E20-D20)/D20*100,1)) | G20: =IF(E20>=50,"Likely Meets","At Risk") | H20: =IF(E20>=75,"Likely Masters",IF(E20>=60,"Possible","Unlikely")) | I20: Consistent effort
A21: Luna, Johnson | B21: 4 | C21: Social Studies | D21: 53 | E21: 69 | F21: =IF(D21=0,"",ROUND((E21-D21)/D21*100,1)) | G21: =IF(E21>=50,"Likely Meets","At Risk") | H21: =IF(E21>=75,"Likely Masters",IF(E21>=60,"Possible","Unlikely")) | I21: GT student
A22: Diego, Reyes | B22: 8 | C22: Math | D22: 47 | E22: 74 | F22: =IF(D22=0,"",ROUND((E22-D22)/D22*100,1)) | G22: =IF(E22>=50,"Likely Meets","At Risk") | H22: =IF(E22>=75,"Likely Masters",IF(E22>=60,"Possible","Unlikely")) | I22: Needs reteach on fractions
A23: Valentina, Cruz | B23: 7 | C23: Reading | D23: 70 | E23: 80 | F23: =IF(D23=0,"",ROUND((E23-D23)/D23*100,1)) | G23: =IF(E23>=50,"Likely Meets","At Risk") | H23: =IF(E23>=75,"Likely Masters",IF(E23>=60,"Possible","Unlikely"))
A24: Elijah, Morales | B24: 8 | C24: Science | D24: 45 | E24: 55 | F24: =IF(D24=0,"",ROUND((E24-D24)/D24*100,1)) | G24: =IF(E24>=50,"Likely Meets","At Risk") | H24: =IF(E24>=75,"Likely Masters",IF(E24>=60,"Possible","Unlikely")) | I24: Parent conference scheduled
A25: Ariana, Ortiz | B25: 6 | C25: Social Studies | D25: 47 | E25: 72 | F25: =IF(D25=0,"",ROUND((E25-D25)/D25*100,1)) | G25: =IF(E25>=50,"Likely Meets","At Risk") | H25: =IF(E25>=75,"Likely Masters",IF(E25>=60,"Possible","Unlikely"))
A26: Mateo, Gutierrez | B26: 4 | C26: Math | D26: 73 | E26: 88 | F26: =IF(D26=0,"",ROUND((E26-D26)/D26*100,1)) | G26: =IF(E26>=50,"Likely Meets","At Risk") | H26: =IF(E26>=75,"Likely Masters",IF(E26>=60,"Possible","Unlikely")) | I26: Strong improvement

Sheet Class Overview
A1: CLASS OVERVIEW DASHBOARD
A3: Subject | B3: Avg Pre-Test | C3: Avg Post-Test | D3: Avg Growth % | E3: Pass Rate (≥50)
A4: Math | B4: =AVERAGEIF('Student Roster'!C:C,A4,'Student Roster'!D:D) | C4: =AVERAGEIF('Student Roster'!C:C,A4,'Student Roster'!E:E) | D4: =IF(B4=0,"",ROUND((C4-B4)/B4*100,1)) | E4: =COUNTIFS('Student Roster'!C:C,A4,'Student Roster'!E:E,">="&50)/COUNTIF('Student Roster'!C:C,A4)
A5: Reading | B5: =AVERAGEIF('Student Roster'!C:C,A5,'Student Roster'!D:D) | C5: =AVERAGEIF('Student Roster'!C:C,A5,'Student Roster'!E:E) | D5: =IF(B5=0,"",ROUND((C5-B5)/B5*100,1)) | E5: =COUNTIFS('Student Roster'!C:C,A5,'Student Roster'!E:E,">="&50)/COUNTIF('Student Roster'!C:C,A5)
A6: Science | B6: =AVERAGEIF('Student Roster'!C:C,A6,'Student Roster'!D:D) | C6: =AVERAGEIF('Student Roster'!C:C,A6,'Student Roster'!E:E) | D6: =IF(B6=0,"",ROUND((C6-B6)/B6*100,1)) | E6: =COUNTIFS('Student Roster'!C:C,A6,'Student Roster'!E:E,">="&50)/COUNTIF('Student Roster'!C:C,A6)
A7: Social Studies | B7: =AVERAGEIF('Student Roster'!C:C,A7,'Student Roster'!D:D) | C7: =AVERAGEIF('Student Roster'!C:C,A7,'Student Roster'!E:E) | D7: =IF(B7=0,"",ROUND((C7-B7)/B7*100,1)) | E7: =COUNTIFS('Student Roster'!C:C,A7,'Student Roster'!E:E,">="&50)/COUNTIF('Student Roster'!C:C,A7)
A10: STUDENTS AT RISK (Post-Test < 50)
A11: Student | B11: Subject | C11: Post-Test Score | D11: Growth % | E11: Action Needed
A12: (Filter Student Roster for Post-Test < 50)

Sheet Weekly Planning
A1: Week # | B1: Date Range | C1: TEKS Covered | D1: Practice Test Avg | E1: Reteach Topics | F1: Small Group Assignments | G1: Notes
A2: 1 | B2: Jan 6-10 | C2: 3.4A, 3.4B | D2: 52 | E2: Place value, number lines | F2: Group A: Fractions / Group B: Multiplication | G2: Baseline week
A3: 2 | B3: Jan 13-17 | C3: 3.5A, 3.5B | D3: 58 | E3: Addition strategies | F3: Group A: Word problems / Group B: Mental math
A4: 3 | B4: Jan 20-24 | C4: 3.6A, 3.6C | D4: 55 | E4: Geometry basics | F4: Group A: Shapes / Group B: Area | G4: MLK holiday Mon
A5: 4 | B5: Jan 27-31 | C5: 3.7A, 3.7B | D5: 61 | E5: Measurement | F5: Group A: Customary / Group B: Metric
A6: 5 | B6: Feb 3-7 | C6: 3.8A, 3.8B | D6: 63 | E6: Data analysis | F6: Group A: Graphs / Group B: Tables | G6: Progress reports
A7: 6 | B7: Feb 10-14 | C7: Review 3.4-3.8 | D7: 67 | E7: Mixed review | F7: Targeted by weakness | G7: Mock STAAR
A8: 7 | B8: Feb 17-21 | C8: 4.2A, 4.2B | D8: 59 | E8: Comparing numbers | F8: Group A: Decimals / Group B: Fractions
A9: 8 | B9: Feb 24-28 | C9: 4.3A, 4.3C | D9: 64 | E9: Operations | F9: Differentiated practice | G9: Parent night Thurs

Sheet Instructions
A1: 📋 STAAR Prep Tracker — Instructions
A3: STUDENT ROSTER TAB
A4: • Enter each student's name, grade level, and STAAR subject
A5: • Input Pre-Test scores from your baseline assessment
A6: • Update Post-Test scores after each practice test or benchmark
A7: • Growth %, Meets Prediction, and Masters Prediction auto-calculate
A8: • Meets threshold: 50+ on scale score | Masters threshold: 75+
A9: • Use Notes column for accommodations, parent contacts, interventions
A10: • Use filters (dropdown arrows) to sort by subject, grade, or risk level
A12: CLASS OVERVIEW TAB
A13: • Automatically pulls averages from Student Roster — no manual entry needed
A14: • Shows pass rate by subject to identify weak areas
... A29: © teach4texas | For personal classroom use only
