Workbook

Sheet README
A1: 📊 Student Growth Tracking Template — Setup Guide
A3: ⚡ QUICK START (5 minutes!)
A4: 1. Go to the 'Class Roster' tab and enter your students' names, IDs, and subgroup tags.
A5: 2. Go to 'Assessment Scores' — names auto-populate! Just enter scores as you get them.
A6: 3. The 'Growth Analysis' tab auto-calculates everything — growth, ratings, intervention flags.
A7: 4. Use the 'STAAR Readiness' tab to track D/A/M/MA levels across assessment windows.
A8: 5. The 'Dashboard' tab gives you instant charts and stats for PLC meetings!
A10: 💡 TIPS:
A11: • You can enter up to 35 students per class.
A12: • Subgroup tags are comma-separated (e.g., 'ELL,At-Risk').
A13: • Scores should be 0-100. Leave blank if no score yet.
A14: • STAAR levels use: D (Did Not Meet), A (Approaches), M (Meets), MA (Masters).
... A26: © 2025. Licensed for single-classroom use.

Sheet Class Roster
A1: Last Name | B1: First Name | C1: Student ID | D1: Subgroup Tags | E1: Grade Level | F1: Notes
A2: Required | B2: Required | C2: Required | D2: ELL, SpEd, GT, 504, Dyslexia, At-Risk, Bilingual | E2: Optional | F2: Optional
A3: Smith | B3: John | C3: 12345 | D3: ELL | E3: 4
A4: Johnson | B4: Maria | C4: 12346 | D4: GT | E4: 4
A5: Williams | B5: Carlos | C5: 12347 | D5: ELL,At-Risk | E5: 4 | F5: Transfer student

Sheet Assessment Scores
A1: Last Name | B1: First Name | C1: Student ID | D1: Pre-Test | E1: Unit 1 | F1: Unit 2 | G1: Unit 3 | H1: Unit 4 | I1: Unit 5 | J1: Unit 6 | K1: Unit 7 | L1: Unit 8 | M1: Mid-Year | N1: Post-Test | O1: STAAR Mock 1 | P1: STAAR Mock 2 | Q1: STAAR Mock 3 | R1: Current Average | S1: Trend
A2: (auto) | B2: (auto) | C2: (auto) | D2: 0-100 | E2: 0-100 | F2: 0-100 | G2: 0-100 | H2: 0-100 | I2: 0-100 | J2: 0-100 | K2: 0-100 | L2: 0-100 | M2: 0-100 | N2: 0-100 | O2: 0-100 | P2: 0-100 | Q2: 0-100 | R2: (auto) | S2: (auto)
A3: ='Class Roster'!A3 | B3: ='Class Roster'!B3 | C3: ='Class Roster'!C3 | D3: 45 | E3: 52 | F3: 58 | G3: 60 | H3: 63 | I3: 55 | J3: 62 | K3: 68 | L3: 70 | M3: 65 | N3: 72 | O3: 55 | P3: 60 | Q3: 65 | R3: =IFERROR(AVERAGE(D3:Q3),"") | S3: =IF(AND(D3<>"",N3<>""),IF(N3>D3,"↑ Rising",IF(N3<D3,"↓ Falling","→ Flat")),"")
A4: ='Class Roster'!A4 | B4: ='Class Roster'!B4 | C4: ='Class Roster'!C4 | D4: 82 | E4: 85 | F4: 88 | G4: 90 | H4: 87 | I4: 92 | J4: 89 | K4: 91 | L4: 93 | M4: 88 | N4: 95 | O4: 87 | P4: 90 | Q4: 92 | R4: =IFERROR(AVERAGE(D4:Q4),"") | S4: =IF(AND(D4<>"",N4<>""),IF(N4>D4,"↑ Rising",IF(N4<D4,"↓ Falling","→ Flat")),"")
A5: ='Class Roster'!A5 | B5: ='Class Roster'!B5 | C5: ='Class Roster'!C5 | D5: 38 | E5: 42 | F5: 45 | G5: 48 | H5: 44 | I5: 40 | J5: 47 | K5: 50 | L5: 52 | M5: 45 | N5: 48 | O5: 43 | P5: 46 | Q5: 50 | R5: =IFERROR(AVERAGE(D5:Q5),"") | S5: =IF(AND(D5<>"",N5<>""),IF(N5>D5,"↑ Rising",IF(N5<D5,"↓ Falling","→ Flat")),"")
A6: ='Class Roster'!A6 | B6: ='Class Roster'!B6 | C6: ='Class Roster'!C6 | R6: =IFERROR(AVERAGE(D6:Q6),"") | S6: =IF(AND(D6<>"",N6<>""),IF(N6>D6,"↑ Rising",IF(N6<D6,"↓ Falling","→ Flat")),"")
A7: ='Class Roster'!A7 | B7: ='Class Roster'!B7 | C7: ='Class Roster'!C7 | R7: =IFERROR(AVERAGE(D7:Q7),"") | S7: =IF(AND(D7<>"",N7<>""),IF(N7>D7,"↑ Rising",IF(N7<D7,"↓ Falling","→ Flat")),"")
A8: ='Class Roster'!A8 | B8: ='Class Roster'!B8 | C8: ='Class Roster'!C8 | R8: =IFERROR(AVERAGE(D8:Q8),"") | S8: =IF(AND(D8<>"",N8<>""),IF(N8>D8,"↑ Rising",IF(N8<D8,"↓ Falling","→ Flat")),"")
A9: ='Class Roster'!A9 | B9: ='Class Roster'!B9 | C9: ='Class Roster'!C9 | R9: =IFERROR(AVERAGE(D9:Q9),"") | S9: =IF(AND(D9<>"",N9<>""),IF(N9>D9,"↑ Rising",IF(N9<D9,"↓ Falling","→ Flat")),"")
A10: ='Class Roster'!A10 | B10: ='Class Roster'!B10 | C10: ='Class Roster'!C10 | R10: =IFERROR(AVERAGE(D10:Q10),"") | S10: =IF(AND(D10<>"",N10<>""),IF(N10>D10,"↑ Rising",IF(N10<D10,"↓ Falling","→ Flat")),"")
A11: ='Class Roster'!A11 | B11: ='Class Roster'!B11 | C11: ='Class Roster'!C11 | R11: =IFERROR(AVERAGE(D11:Q11),"") | S11: =IF(AND(D11<>"",N11<>""),IF(N11>D11,"↑ Rising",IF(N11<D11,"↓ Falling","→ Flat")),"")
A12: ='Class Roster'!A12 | B12: ='Class Roster'!B12 | C12: ='Class Roster'!C12 | R12: =IFERROR(AVERAGE(D12:Q12),"") | S12: =IF(AND(D12<>"",N12<>""),IF(N12>D12,"↑ Rising",IF(N12<D12,"↓ Falling","→ Flat")),"")
A13: ='Class Roster'!A13 | B13: ='Class Roster'!B13 | C13: ='Class Roster'!C13 | R13: =IFERROR(AVERAGE(D13:Q13),"") | S13: =IF(AND(D13<>"",N13<>""),IF(N13>D13,"↑ Rising",IF(N13<D13,"↓ Falling","→ Flat")),"")
A14: ='Class Roster'!A14 | B14: ='Class Roster'!B14 | C14: ='Class Roster'!C14 | R14: =IFERROR(AVERAGE(D14:Q14),"") | S14: =IF(AND(D14<>"",N14<>""),IF(N14>D14,"↑ Rising",IF(N14<D14,"↓ Falling","→ Flat")),"")
A15: ='Class Roster'!A15 | B15: ='Class Roster'!B15 | C15: ='Class Roster'!C15 | R15: =IFERROR(AVERAGE(D15:Q15),"") | S15: =IF(AND(D15<>"",N15<>""),IF(N15>D15,"↑ Rising",IF(N15<D15,"↓ Falling","→ Flat")),"")
A16: ='Class Roster'!A16 | B16: ='Class Roster'!B16 | C16: ='Class Roster'!C16 | R16: =IFERROR(AVERAGE(D16:Q16),"") | S16: =IF(AND(D16<>"",N16<>""),IF(N16>D16,"↑ Rising",IF(N16<D16,"↓ Falling","→ Flat")),"")
A17: ='Class Roster'!A17 | B17: ='Class Roster'!B17 | C17: ='Class Roster'!C17 | R17: =IFERROR(AVERAGE(D17:Q17),"") | S17: =IF(AND(D17<>"",N17<>""),IF(N17>D17,"↑ Rising",IF(N17<D17,"↓ Falling","→ Flat")),"")
... A37: ='Class Roster'!A37 | B37: ='Class Roster'!B37 | C37: ='Class Roster'!C37 | R37: =IFERROR(AVERAGE(D37:Q37),"") | S37: =IF(AND(D37<>"",N37<>""),IF(N37>D37,"↑ Rising",IF(N37<D37,"↓ Falling","→ Flat")),"")

Sheet Growth Analysis
A1: Last Name | B1: First Name | C1: Subgroup | D1: Pre-Test Score | E1: Most Recent Score | F1: Point Growth | G1: % Growth | H1: Growth Rating | I1: Pre→Mid Growth | J1: Mid→Post Growth | K1: STAAR Mock Trend | L1: Intervention Flag
A3: ='Class Roster'!A3 | B3: ='Class Roster'!B3 | C3: ='Class Roster'!D3 | D3: ='Assessment Scores'!D3 | E3: ='Assessment Scores'!R3 | F3: =IFERROR(E3-D3,"") | G3: =IFERROR(IF(D3=0,"",(E3-D3)/D3*100),"") | H3: =IF(G3="","",IF(G3<10,"🔴 Low Growth",IF(G3<20,"🟡 Moderate","🟢 Strong Growth"))) | I3: =IFERROR('Assessment Scores'!M3-'Assessment Scores'!D3,"") | J3: =IFERROR('Assessment Scores'!N3-'Assessment Scores'!M3,"") | K3: =IF(AND('Assessment Scores'!O3<>"",""<>'Assessment Scores'!P3),IF('Assessment Scores'!P3>'Assessment Scores'!O3,"↑","↓"),"") | L3: =IF(OR(G3<10,E3<50),"⚠️ NEEDS INTERVENTION","")
A4: ='Class Roster'!A4 | B4: ='Class Roster'!B4 | C4: ='Class Roster'!D4 | D4: ='Assessment Scores'!D4 | E4: ='Assessment Scores'!R4 | F4: =IFERROR(E4-D4,"") | G4: =IFERROR(IF(D4=0,"",(E4-D4)/D4*100),"") | H4: =IF(G4="","",IF(G4<10,"🔴 Low Growth",IF(G4<20,"🟡 Moderate","🟢 Strong Growth"))) | I4: =IFERROR('Assessment Scores'!M4-'Assessment Scores'!D4,"") | J4: =IFERROR('Assessment Scores'!N4-'Assessment Scores'!M4,"") | K4: =IF(AND('Assessment Scores'!O4<>"",""<>'Assessment Scores'!P4),IF('Assessment Scores'!P4>'Assessment Scores'!O4,"↑","↓"),"") | L4: =IF(OR(G4<10,E4<50),"⚠️ NEEDS INTERVENTION","")
A5: ='Class Roster'!A5 | B5: ='Class Roster'!B5 | C5: ='Class Roster'!D5 | D5: ='Assessment Scores'!D5 | E5: ='Assessment Scores'!R5 | F5: =IFERROR(E5-D5,"") | G5: =IFERROR(IF(D5=0,"",(E5-D5)/D5*100),"") | H5: =IF(G5="","",IF(G5<10,"🔴 Low Growth",IF(G5<20,"🟡 Moderate","🟢 Strong Growth"))) | I5: =IFERROR('Assessment Scores'!M5-'Assessment Scores'!D5,"") | J5: =IFERROR('Assessment Scores'!N5-'Assessment Scores'!M5,"") | K5: =IF(AND('Assessment Scores'!O5<>"",""<>'Assessment Scores'!P5),IF('Assessment Scores'!P5>'Assessment Scores'!O5,"↑","↓"),"") | L5: =IF(OR(G5<10,E5<50),"⚠️ NEEDS INTERVENTION","")
A6: ='Class Roster'!A6 | B6: ='Class Roster'!B6 | C6: ='Class Roster'!D6 | D6: ='Assessment Scores'!D6 | E6: ='Assessment Scores'!R6 | F6: =IFERROR(E6-D6,"") | G6: =IFERROR(IF(D6=0,"",(E6-D6)/D6*100),"") | H6: =IF(G6="","",IF(G6<10,"🔴 Low Growth",IF(G6<20,"🟡 Moderate","🟢 Strong Growth"))) | I6: =IFERROR('Assessment Scores'!M6-'Assessment Scores'!D6,"") | J6: =IFERROR('Assessment Scores'!N6-'Assessment Scores'!M6,"") | K6: =IF(AND('Assessment Scores'!O6<>"",""<>'Assessment Scores'!P6),IF('Assessment Scores'!P6>'Assessment Scores'!O6,"↑","↓"),"") | L6: =IF(OR(G6<10,E6<50),"⚠️ NEEDS INTERVENTION","")
A7: ='Class Roster'!A7 | B7: ='Class Roster'!B7 | C7: ='Class Roster'!D7 | D7: ='Assessment Scores'!D7 | E7: ='Assessment Scores'!R7 | F7: =IFERROR(E7-D7,"") | G7: =IFERROR(IF(D7=0,"",(E7-D7)/D7*100),"") | H7: =IF(G7="","",IF(G7<10,"🔴 Low Growth",IF(G7<20,"🟡 Moderate","🟢 Strong Growth"))) | I7: =IFERROR('Assessment Scores'!M7-'Assessment Scores'!D7,"") | J7: =IFERROR('Assessment Scores'!N7-'Assessment Scores'!M7,"") | K7: =IF(AND('Assessment Scores'!O7<>"",""<>'Assessment Scores'!P7),IF('Assessment Scores'!P7>'Assessment Scores'!O7,"↑","↓"),"") | L7: =IF(OR(G7<10,E7<50),"⚠️ NEEDS INTERVENTION","")
A8: ='Class Roster'!A8 | B8: ='Class Roster'!B8 | C8: ='Class Roster'!D8 | D8: ='Assessment Scores'!D8 | E8: ='Assessment Scores'!R8 | F8: =IFERROR(E8-D8,"") | G8: =IFERROR(IF(D8=0,"",(E8-D8)/D8*100),"") | H8: =IF(G8="","",IF(G8<10,"🔴 Low Growth",IF(G8<20,"🟡 Moderate","🟢 Strong Growth"))) | I8: =IFERROR('Assessment Scores'!M8-'Assessment Scores'!D8,"") | J8: =IFERROR('Assessment Scores'!N8-'Assessment Scores'!M8,"") | K8: =IF(AND('Assessment Scores'!O8<>"",""<>'Assessment Scores'!P8),IF('Assessment Scores'!P8>'Assessment Scores'!O8,"↑","↓"),"") | L8: =IF(OR(G8<10,E8<50),"⚠️ NEEDS INTERVENTION","")
A9: ='Class Roster'!A9 | B9: ='Class Roster'!B9 | C9: ='Class Roster'!D9 | D9: ='Assessment Scores'!D9 | E9: ='Assessment Scores'!R9 | F9: =IFERROR(E9-D9,"") | G9: =IFERROR(IF(D9=0,"",(E9-D9)/D9*100),"") | H9: =IF(G9="","",IF(G9<10,"🔴 Low Growth",IF(G9<20,"🟡 Moderate","🟢 Strong Growth"))) | I9: =IFERROR('Assessment Scores'!M9-'Assessment Scores'!D9,"") | J9: =IFERROR('Assessment Scores'!N9-'Assessment Scores'!M9,"") | K9: =IF(AND('Assessment Scores'!O9<>"",""<>'Assessment Scores'!P9),IF('Assessment Scores'!P9>'Assessment Scores'!O9,"↑","↓"),"") | L9: =IF(OR(G9<10,E9<50),"⚠️ NEEDS INTERVENTION","")
A10: ='Class Roster'!A10 | B10: ='Class Roster'!B10 | C10: ='Class Roster'!D10 | D10: ='Assessment Scores'!D10 | E10: ='Assessment Scores'!R10 | F10: =IFERROR(E10-D10,"") | G10: =IFERROR(IF(D10=0,"",(E10-D10)/D10*100),"") | H10: =IF(G10="","",IF(G10<10,"🔴 Low Growth",IF(G10<20,"🟡 Moderate","🟢 Strong Growth"))) | I10: =IFERROR('Assessment Scores'!M10-'Assessment Scores'!D10,"") | J10: =IFERROR('Assessment Scores'!N10-'Assessment Scores'!M10,"") | K10: =IF(AND('Assessment Scores'!O10<>"",""<>'Assessment Scores'!P10),IF('Assessment Scores'!P10>'Assessment Scores'!O10,"↑","↓"),"") | L10: =IF(OR(G10<10,E10<50),"⚠️ NEEDS INTERVENTION","")
A11: ='Class Roster'!A11 | B11: ='Class Roster'!B11 | C11: ='Class Roster'!D11 | D11: ='Assessment Scores'!D11 | E11: ='Assessment Scores'!R11 | F11: =IFERROR(E11-D11,"") | G11: =IFERROR(IF(D11=0,"",(E11-D11)/D11*100),"") | H11: =IF(G11="","",IF(G11<10,"🔴 Low Growth",IF(G11<20,"🟡 Moderate","🟢 Strong Growth"))) | I11: =IFERROR('Assessment Scores'!M11-'Assessment Scores'!D11,"") | J11: =IFERROR('Assessment Scores'!N11-'Assessment Scores'!M11,"") | K11: =IF(AND('Assessment Scores'!O11<>"",""<>'Assessment Scores'!P11),IF('Assessment Scores'!P11>'Assessment Scores'!O11,"↑","↓"),"") | L11: =IF(OR(G11<10,E11<50),"⚠️ NEEDS INTERVENTION","")
A12: ='Class Roster'!A12 | B12: ='Class Roster'!B12 | C12: ='Class Roster'!D12 | D12: ='Assessment Scores'!D12 | E12: ='Assessment Scores'!R12 | F12: =IFERROR(E12-D12,"") | G12: =IFERROR(IF(D12=0,"",(E12-D12)/D12*100),"") | H12: =IF(G12="","",IF(G12<10,"🔴 Low Growth",IF(G12<20,"🟡 Moderate","🟢 Strong Growth"))) | I12: =IFERROR('Assessment Scores'!M12-'Assessment Scores'!D12,"") | J12: =IFERROR('Assessment Scores'!N12-'Assessment Scores'!M12,"") | K12: =IF(AND('Assessment Scores'!O12<>"",""<>'Assessment Scores'!P12),IF('Assessment Scores'!P12>'Assessment Scores'!O12,"↑","↓"),"") | L12: =IF(OR(G12<10,E12<50),"⚠️ NEEDS INTERVENTION","")
A13: ='Class Roster'!A13 | B13: ='Class Roster'!B13 | C13: ='Class Roster'!D13 | D13: ='Assessment Scores'!D13 | E13: ='Assessment Scores'!R13 | F13: =IFERROR(E13-D13,"") | G13: =IFERROR(IF(D13=0,"",(E13-D13)/D13*100),"") | H13: =IF(G13="","",IF(G13<10,"🔴 Low Growth",IF(G13<20,"🟡 Moderate","🟢 Strong Growth"))) | I13: =IFERROR('Assessment Scores'!M13-'Assessment Scores'!D13,"") | J13: =IFERROR('Assessment Scores'!N13-'Assessment Scores'!M13,"") | K13: =IF(AND('Assessment Scores'!O13<>"",""<>'Assessment Scores'!P13),IF('Assessment Scores'!P13>'Assessment Scores'!O13,"↑","↓"),"") | L13: =IF(OR(G13<10,E13<50),"⚠️ NEEDS INTERVENTION","")
A14: ='Class Roster'!A14 | B14: ='Class Roster'!B14 | C14: ='Class Roster'!D14 | D14: ='Assessment Scores'!D14 | E14: ='Assessment Scores'!R14 | F14: =IFERROR(E14-D14,"") | G14: =IFERROR(IF(D14=0,"",(E14-D14)/D14*100),"") | H14: =IF(G14="","",IF(G14<10,"🔴 Low Growth",IF(G14<20,"🟡 Moderate","🟢 Strong Growth"))) | I14: =IFERROR('Assessment Scores'!M14-'Assessment Scores'!D14,"") | J14: =IFERROR('Assessment Scores'!N14-'Assessment Scores'!M14,"") | K14: =IF(AND('Assessment Scores'!O14<>"",""<>'Assessment Scores'!P14),IF('Assessment Scores'!P14>'Assessment Scores'!O14,"↑","↓"),"") | L14: =IF(OR(G14<10,E14<50),"⚠️ NEEDS INTERVENTION","")
... A37: ='Class Roster'!A37 | B37: ='Class Roster'!B37 | C37: ='Class Roster'!D37 | D37: ='Assessment Scores'!D37 | E37: ='Assessment Scores'!R37 | F37: =IFERROR(E37-D37,"") | G37: =IFERROR(IF(D37=0,"",(E37-D37)/D37*100),"") | H37: =IF(G37="","",IF(G37<10,"🔴 Low Growth",IF(G37<20,"🟡 Moderate","🟢 Strong Growth"))) | I37: =IFERROR('Assessment Scores'!M37-'Assessment Scores'!D37,"") | J37: =IFERROR('Assessment Scores'!N37-'Assessment Scores'!M37,"") | K37: =IF(AND('Assessment Scores'!O37<>"",""<>'Assessment Scores'!P37),IF('Assessment Scores'!P37>'Assessment Scores'!O37,"↑","↓"),"") | L37: =IF(OR(G37<10,E37<50),"⚠️ NEEDS INTERVENTION","")

Sheet STAAR Readiness
A1: Last Name | B1: First Name | C1: Subgroup | D1: BOY Level | E1: MOY Level | F1: Mock 1 Level | G1: Mock 2 Level | H1: Current Projection | I1: Movement | J1: Action Needed
A3: ='Class Roster'!A3 | B3: ='Class Roster'!B3 | C3: ='Class Roster'!D3 | D3: D | E3: A | F3: A | G3: A | H3: =IFERROR(LOOKUP(2,1/(D3:G3<>""),D3:G3),"") | I3: =IF(AND(D3<>"",H3<>""),IF(MATCH(H3,{"D","A","M","MA"},0)>MATCH(D3,{"D","A","M","MA"},0),"⬆️ Moving Up",IF(MATCH(H3,{"D","A","M","MA"},0)<MATCH(D3,{"D","A","M","MA"},0),"⬇️ Moving Down","➡️ No Change")),"") | J3: =IF(H3="D","🚨 Intensive Intervention",IF(H3="A","📋 Targeted Practice",IF(H3="M","💪 Push toward Masters",IF(H3="MA","⭐ Extension & peer tutoring",""))))
A4: ='Class Roster'!A4 | B4: ='Class Roster'!B4 | C4: ='Class Roster'!D4 | D4: M | E4: M | F4: MA | G4: MA | H4: =IFERROR(LOOKUP(2,1/(D4:G4<>""),D4:G4),"") | I4: =IF(AND(D4<>"",H4<>""),IF(MATCH(H4,{"D","A","M","MA"},0)>MATCH(D4,{"D","A","M","MA"},0),"⬆️ Moving Up",IF(MATCH(H4,{"D","A","M","MA"},0)<MATCH(D4,{"D","A","M","MA"},0),"⬇️ Moving Down","➡️ No Change")),"") | J4: =IF(H4="D","🚨 Intensive Intervention",IF(H4="A","📋 Targeted Practice",IF(H4="M","💪 Push toward Masters",IF(H4="MA","⭐ Extension & peer tutoring",""))))
A5: ='Class Roster'!A5 | B5: ='Class Roster'!B5 | C5: ='Class Roster'!D5 | D5: D | E5: D | F5: D | G5: A | H5: =IFERROR(LOOKUP(2,1/(D5:G5<>""),D5:G5),"") | I5: =IF(AND(D5<>"",H5<>""),IF(MATCH(H5,{"D","A","M","MA"},0)>MATCH(D5,{"D","A","M","MA"},0),"⬆️ Moving Up",IF(MATCH(H5,{"D","A","M","MA"},0)<MATCH(D5,{"D","A","M","MA"},0),"⬇️ Moving Down","➡️ No Change")),"") | J5: =IF(H5="D","🚨 Intensive Intervention",IF(H5="A","📋 Targeted Practice",IF(H5="M","💪 Push toward Masters",IF(H5="MA","⭐ Extension & peer tutoring",""))))
A6: ='Class Roster'!A6 | B6: ='Class Roster'!B6 | C6: ='Class Roster'!D6 | H6: =IFERROR(LOOKUP(2,1/(D6:G6<>""),D6:G6),"") | I6: =IF(AND(D6<>"",H6<>""),IF(MATCH(H6,{"D","A","M","MA"},0)>MATCH(D6,{"D","A","M","MA"},0),"⬆️ Moving Up",IF(MATCH(H6,{"D","A","M","MA"},0)<MATCH(D6,{"D","A","M","MA"},0),"⬇️ Moving Down","➡️ No Change")),"") | J6: =IF(H6="D","🚨 Intensive Intervention",IF(H6="A","📋 Targeted Practice",IF(H6="M","💪 Push toward Masters",IF(H6="MA","⭐ Extension & peer tutoring",""))))
A7: ='Class Roster'!A7 | B7: ='Class Roster'!B7 | C7: ='Class Roster'!D7 | H7: =IFERROR(LOOKUP(2,1/(D7:G7<>""),D7:G7),"") | I7: =IF(AND(D7<>"",H7<>""),IF(MATCH(H7,{"D","A","M","MA"},0)>MATCH(D7,{"D","A","M","MA"},0),"⬆️ Moving Up",IF(MATCH(H7,{"D","A","M","MA"},0)<MATCH(D7,{"D","A","M","MA"},0),"⬇️ Moving Down","➡️ No Change")),"") | J7: =IF(H7="D","🚨 Intensive Intervention",IF(H7="A","📋 Targeted Practice",IF(H7="M","💪 Push toward Masters",IF(H7="MA","⭐ Extension & peer tutoring",""))))
A8: ='Class Roster'!A8 | B8: ='Class Roster'!B8 | C8: ='Class Roster'!D8 | H8: =IFERROR(LOOKUP(2,1/(D8:G8<>""),D8:G8),"") | I8: =IF(AND(D8<>"",H8<>""),IF(MATCH(H8,{"D","A","M","MA"},0)>MATCH(D8,{"D","A","M","MA"},0),"⬆️ Moving Up",IF(MATCH(H8,{"D","A","M","MA"},0)<MATCH(D8,{"D","A","M","MA"},0),"⬇️ Moving Down","➡️ No Change")),"") | J8: =IF(H8="D","🚨 Intensive Intervention",IF(H8="A","📋 Targeted Practice",IF(H8="M","💪 Push toward Masters",IF(H8="MA","⭐ Extension & peer tutoring",""))))
A9: ='Class Roster'!A9 | B9: ='Class Roster'!B9 | C9: ='Class Roster'!D9 | H9: =IFERROR(LOOKUP(2,1/(D9:G9<>""),D9:G9),"") | I9: =IF(AND(D9<>"",H9<>""),IF(MATCH(H9,{"D","A","M","MA"},0)>MATCH(D9,{"D","A","M","MA"},0),"⬆️ Moving Up",IF(MATCH(H9,{"D","A","M","MA"},0)<MATCH(D9,{"D","A","M","MA"},0),"⬇️ Moving Down","➡️ No Change")),"") | J9: =IF(H9="D","🚨 Intensive Intervention",IF(H9="A","📋 Targeted Practice",IF(H9="M","💪 Push toward Masters",IF(H9="MA","⭐ Extension & peer tutoring",""))))
A10: ='Class Roster'!A10 | B10: ='Class Roster'!B10 | C10: ='Class Roster'!D10 | H10: =IFERROR(LOOKUP(2,1/(D10:G10<>""),D10:G10),"") | I10: =IF(AND(D10<>"",H10<>""),IF(MATCH(H10,{"D","A","M","MA"},0)>MATCH(D10,{"D","A","M","MA"},0),"⬆️ Moving Up",IF(MATCH(H10,{"D","A","M","MA"},0)<MATCH(D10,{"D","A","M","MA"},0),"⬇️ Moving Down","➡️ No Change")),"") | J10: =IF(H10="D","🚨 Intensive Intervention",IF(H10="A","📋 Targeted Practice",IF(H10="M","💪 Push toward Masters",IF(H10="MA","⭐ Extension & peer tutoring",""))))
A11: ='Class Roster'!A11 | B11: ='Class Roster'!B11 | C11: ='Class Roster'!D11 | H11: =IFERROR(LOOKUP(2,1/(D11:G11<>""),D11:G11),"") | I11: =IF(AND(D11<>"",H11<>""),IF(MATCH(H11,{"D","A","M","MA"},0)>MATCH(D11,{"D","A","M","MA"},0),"⬆️ Moving Up",IF(MATCH(H11,{"D","A","M","MA"},0)<MATCH(D11,{"D","A","M","MA"},0),"⬇️ Moving Down","➡️ No Change")),"") | J11: =IF(H11="D","🚨 Intensive Intervention",IF(H11="A","📋 Targeted Practice",IF(H11="M","💪 Push toward Masters",IF(H11="MA","⭐ Extension & peer tutoring",""))))
A12: ='Class Roster'!A12 | B12: ='Class Roster'!B12 | C12: ='Class Roster'!D12 | H12: =IFERROR(LOOKUP(2,1/(D12:G12<>""),D12:G12),"") | I12: =IF(AND(D12<>"",H12<>""),IF(MATCH(H12,{"D","A","M","MA"},0)>MATCH(D12,{"D","A","M","MA"},0),"⬆️ Moving Up",IF(MATCH(H12,{"D","A","M","MA"},0)<MATCH(D12,{"D","A","M","MA"},0),"⬇️ Moving Down","➡️ No Change")),"") | J12: =IF(H12="D","🚨 Intensive Intervention",IF(H12="A","📋 Targeted Practice",IF(H12="M","💪 Push toward Masters",IF(H12="MA","⭐ Extension & peer tutoring",""))))
A13: ='Class Roster'!A13 | B13: ='Class Roster'!B13 | C13: ='Class Roster'!D13 | H13: =IFERROR(LOOKUP(2,1/(D13:G13<>""),D13:G13),"") | I13: =IF(AND(D13<>"",H13<>""),IF(MATCH(H13,{"D","A","M","MA"},0)>MATCH(D13,{"D","A","M","MA"},0),"⬆️ Moving Up",IF(MATCH(H13,{"D","A","M","MA"},0)<MATCH(D13,{"D","A","M","MA"},0),"⬇️ Moving Down","➡️ No Change")),"") | J13: =IF(H13="D","🚨 Intensive Intervention",IF(H13="A","📋 Targeted Practice",IF(H13="M","💪 Push toward Masters",IF(H13="MA","⭐ Extension & peer tutoring",""))))
A14: ='Class Roster'!A14 | B14: ='Class Roster'!B14 | C14: ='Class Roster'!D14 | H14: =IFERROR(LOOKUP(2,1/(D14:G14<>""),D14:G14),"") | I14: =IF(AND(D14<>"",H14<>""),IF(MATCH(H14,{"D","A","M","MA"},0)>MATCH(D14,{"D","A","M","MA"},0),"⬆️ Moving Up",IF(MATCH(H14,{"D","A","M","MA"},0)<MATCH(D14,{"D","A","M","MA"},0),"⬇️ Moving Down","➡️ No Change")),"") | J14: =IF(H14="D","🚨 Intensive Intervention",IF(H14="A","📋 Targeted Practice",IF(H14="M","💪 Push toward Masters",IF(H14="MA","⭐ Extension & peer tutoring",""))))
A15: ='Class Roster'!A15 | B15: ='Class Roster'!B15 | C15: ='Class Roster'!D15 | H15: =IFERROR(LOOKUP(2,1/(D15:G15<>""),D15:G15),"") | I15: =IF(AND(D15<>"",H15<>""),IF(MATCH(H15,{"D","A","M","MA"},0)>MATCH(D15,{"D","A","M","MA"},0),"⬆️ Moving Up",IF(MATCH(H15,{"D","A","M","MA"},0)<MATCH(D15,{"D","A","M","MA"},0),"⬇️ Moving Down","➡️ No Change")),"") | J15: =IF(H15="D","🚨 Intensive Intervention",IF(H15="A","📋 Targeted Practice",IF(H15="M","💪 Push toward Masters",IF(H15="MA","⭐ Extension & peer tutoring",""))))
A16: ='Class Roster'!A16 | B16: ='Class Roster'!B16 | C16: ='Class Roster'!D16 | H16: =IFERROR(LOOKUP(2,1/(D16:G16<>""),D16:G16),"") | I16: =IF(AND(D16<>"",H16<>""),IF(MATCH(H16,{"D","A","M","MA"},0)>MATCH(D16,{"D","A","M","MA"},0),"⬆️ Moving Up",IF(MATCH(H16,{"D","A","M","MA"},0)<MATCH(D16,{"D","A","M","MA"},0),"⬇️ Moving Down","➡️ No Change")),"") | J16: =IF(H16="D","🚨 Intensive Intervention",IF(H16="A","📋 Targeted Practice",IF(H16="M","💪 Push toward Masters",IF(H16="MA","⭐ Extension & peer tutoring",""))))
A17: ='Class Roster'!A17 | B17: ='Class Roster'!B17 | C17: ='Class Roster'!D17 | H17: =IFERROR(LOOKUP(2,1/(D17:G17<>""),D17:G17),"") | I17: =IF(AND(D17<>"",H17<>""),IF(MATCH(H17,{"D","A","M","MA"},0)>MATCH(D17,{"D","A","M","MA"},0),"⬆️ Moving Up",IF(MATCH(H17,{"D","A","M","MA"},0)<MATCH(D17,{"D","A","M","MA"},0),"⬇️ Moving Down","➡️ No Change")),"") | J17: =IF(H17="D","🚨 Intensive Intervention",IF(H17="A","📋 Targeted Practice",IF(H17="M","💪 Push toward Masters",IF(H17="MA","⭐ Extension & peer tutoring",""))))
... A37: ='Class Roster'!A37 | B37: ='Class Roster'!B37 | C37: ='Class Roster'!D37 | H37: =IFERROR(LOOKUP(2,1/(D37:G37<>""),D37:G37),"") | I37: =IF(AND(D37<>"",H37<>""),IF(MATCH(H37,{"D","A","M","MA"},0)>MATCH(D37,{"D","A","M","MA"},0),"⬆️ Moving Up",IF(MATCH(H37,{"D","A","M","MA"},0)<MATCH(D37,{"D","A","M","MA"},0),"⬇️ Moving Down","➡️ No Change")),"") | J37: =IF(H37="D","🚨 Intensive Intervention",IF(H37="A","📋 Targeted Practice",IF(H37="M","💪 Push toward Masters",IF(H37="MA","⭐ Extension & peer tutoring",""))))

Sheet Dashboard
A1: 📊 CLASS DASHBOARD
A3: CLASS OVERVIEW
A4: Total Students: | B4: =COUNTA('Class Roster'!A3:A37)
A5: Class Pre-Test Average: | B5: =IFERROR(AVERAGE('Assessment Scores'!D3:D37),"")
A6: Class Current Average: | B6: =IFERROR(AVERAGE('Growth Analysis'!E3:E37),"")
A7: Class Average Growth (%): | B7: =IFERROR(AVERAGE('Growth Analysis'!G3:G37),"")
A8: Students Needing Intervention: | B8: =COUNTIF('Growth Analysis'!L3:L37,"⚠️*")
A10: STAAR READINESS BREAKDOWN
A11: Did Not Meet (D): | B11: =COUNTIF('STAAR Readiness'!H3:H37,"D")
A12: Approaches (A): | B12: =COUNTIF('STAAR Readiness'!H3:H37,"A")
A13: Meets (M): | B13: =COUNTIF('STAAR Readiness'!H3:H37,"M")
A14: Masters (MA): | B14: =COUNTIF('STAAR Readiness'!H3:H37,"MA")
A17: SUBGROUP GROWTH COMPARISON
A18: ELL Avg Growth: | B18: =IFERROR(AVERAGEIF('Growth Analysis'!C3:C37,"*ELL*",'Growth Analysis'!G3:G37),"")
A19: SpEd Avg Growth: | B19: =IFERROR(AVERAGEIF('Growth Analysis'!C3:C37,"*SpEd*",'Growth Analysis'!G3:G37),"")
A20: GT Avg Growth: | B20: =IFERROR(AVERAGEIF('Growth Analysis'!C3:C37,"*GT*",'Growth Analysis'!G3:G37),"")
A21: 504 Avg Growth: | B21: =IFERROR(AVERAGEIF('Growth Analysis'!C3:C37,"*504*",'Growth Analysis'!G3:G37),"")
A22: At-Risk Avg Growth: | B22: =IFERROR(AVERAGEIF('Growth Analysis'!C3:C37,"*At-Risk*",'Growth Analysis'!G3:G37),"")
